"","Route","Segments","Counties","States","MultiState","Miles","Vitals","Presidents","Most","MostCount","Type","Direction"
"1","I.10",74,70,8,TRUE,2469.2,2,9,"Jefferson",3,"Int Main-National","WE"
"2","I.105",2,2,2,TRUE,21.3,0,0,"Los Angeles",1,"Int Spur-Local","WE"
"3","I.11",1,1,1,FALSE,54.4,0,0,"Clark",1,"Int Main-Local","SN"
"4","I.110",5,5,5,TRUE,41.7,0,1,"Los Angeles",1,"Int Spur-Local","SN"
"5","I.115",1,1,1,FALSE,1.2,0,0,"Silver Bow",1,"Int Spur-Fragment","WE"
"6","I.12",4,4,1,FALSE,86.8,0,0,"East Baton Rouge",1,"Int Main-Local","WE"
"7","I.124",1,1,1,FALSE,1.9,0,0,"Hamilton",1,"Int Spur-Fragment","SN"
"8","I.126",1,1,1,FALSE,3.5,0,0,"Richland",1,"Int Spur-Fragment","WE"
"9","I.129",2,2,2,TRUE,3.5,0,0,"Dakota",1,"Int Spur-Fragment","WE"
"10","I.135",4,4,1,FALSE,95.6,0,0,"Sedgwick",1,"Int Spur-Local","SN"
"11","I.14",2,2,1,FALSE,25.2,0,0,"Coryell",1,"Int Main-Local","WE"
"12","I.140",4,4,2,TRUE,33.5,0,0,"Knox",1,"Int Spur-Local","WE"
"13","I.15",30,28,6,TRUE,1432.3,5,4,"Clark",2,"Int Main-National","SN"
"14","I.155",4,4,3,TRUE,58.3,0,0,"Pemiscot",1,"Int Spur-Local","WE"
"15","I.16",11,11,1,FALSE,164.5,1,0,"Bibb",1,"Int Main-Regional","WE"
"16","I.165",5,5,2,TRUE,75.2,0,0,"Mobile",1,"Int Spur-Local","SN"
"17","I.169",3,3,2,TRUE,45,0,0,"Cameron",1,"Int Spur-Local","WE"
"18","I.17",3,3,1,FALSE,144.8,0,0,"Maricopa",1,"Int Main-Local","SN"
"19","I.170",1,1,1,FALSE,11,0,0,"St. Louis",1,"Int Spur-Local","SN"
"20","I.172",2,2,1,FALSE,19.6,0,1,"Pike",1,"Int Spur-Local","SN"
"21","I.175",1,1,1,FALSE,1.2,0,0,"Pinellas",1,"Int Spur-Fragment","WE"
"22","I.176",1,1,1,FALSE,11.8,0,0,"Berks",1,"Int Spur-Local","SN"
"23","I.180",6,6,4,TRUE,46.3,1,0,"Laramie",1,"Int Spur-Local","SN"
"24","I.182",2,2,1,FALSE,14.3,0,0,"Benton",1,"Int Spur-Local","WE"
"25","I.184",1,1,1,FALSE,4.5,0,0,"Ada",1,"Int Spur-Fragment","WE"
"26","I.185",4,4,2,TRUE,67.4,0,0,"Muscogee",1,"Int Spur-Local","SN"
"27","I.189",1,1,1,FALSE,1.53,0,0,"Chittenden",1,"Int Spur-Fragment","WE"
"28","I.19",2,2,1,FALSE,63.5,1,0,"Santa Cruz",1,"Int Main-Local","SN"
"29","I.190",5,5,4,TRUE,52.5,0,0,"Pennington",1,"Int Spur-Local","SN"
"30","I.194",2,2,2,TRUE,4.6,0,0,"Morton",1,"Int Spur-Fragment","SN"
"31","I.195",14,12,7,TRUE,92.8,0,0,"Richmond, City of",2,"Int Spur-Local","WE"
"32","I.196",5,5,1,FALSE,81,0,1,"Berrien",1,"Int Spur-Local","SN"
"33","I.2",2,2,1,FALSE,47.9,0,0,"Hidalgo",1,"Int Main-Local","WE"
"34","I.20",67,63,6,TRUE,1543.3,2,5,"Richland",2,"Int Main-National","WE"
"35","I.205",6,6,3,TRUE,50.6,0,1,"Alameda",1,"Int Spur-Local","WE"
"36","I.210",2,2,2,TRUE,56.8,0,0,"Los Angeles",1,"Int Spur-Local","WE"
"37","I.215",5,5,3,TRUE,95.4,0,0,"Riverside",1,"Int Spur-Local","SN"
"38","I.22",10,10,2,TRUE,201.3,0,1,"DeSoto",1,"Int Main-Regional","WE"
"39","I.220",4,4,2,TRUE,29.2,0,1,"Caddo",1,"Int Spur-Local","WE"
"40","I.225",3,3,1,FALSE,12.1,0,1,"Denver",1,"Int Spur-Local","SN"
"41","I.229",4,4,2,TRUE,25.8,0,2,"Buchanan",1,"Int Spur-Local","SN"
"42","I.235",3,3,3,TRUE,35.3,0,1,"Sedgwick",1,"Int Spur-Local","SN"
"43","I.238",1,1,1,FALSE,2.5,0,0,"Alameda",1,"Int Spur-Fragment","WE"
"44","I.24",24,21,4,TRUE,314.4,0,1,"Robertson",2,"Int Main-Regional","WE"
"45","I.240",3,3,3,TRUE,51.5,0,0,"Oklahoma",1,"Int Spur-Local","WE"
"46","I.244",1,1,1,FALSE,16.1,0,0,"Tulsa",1,"Int Spur-Local","WE"
"47","I.25",27,26,3,TRUE,1059.6,0,2,"Weld",2,"Int Main-National","SN"
"48","I.255",4,4,2,TRUE,30.9,0,2,"St. Louis",1,"Int Spur-Local","CCW"
"49","I.26",23,18,3,TRUE,343.3,0,4,"Lexington",4,"Int Main-Regional","WE"
"50","I.264",5,5,2,TRUE,47.6,0,1,"Jefferson",1,"Int Spur-Local","CCW"
"51","I.265",3,3,2,TRUE,41.6,0,1,"Jefferson",1,"Int Spur-Local","CCW"
"52","I.269",10,4,2,TRUE,45.2,0,0,"Fayette",4,"Int Spur-Local","CCW"
"53","I.27",5,5,1,FALSE,128.1,0,0,"Lubbock",1,"Int Main-Local","SN"
"54","I.270",8,8,5,TRUE,143.7,0,2,"Adams",1,"Int Spur-Local","WE"
"55","I.271",4,4,1,FALSE,40.4,0,0,"Medina",1,"Int Spur-Local","SN"
"56","I.275",15,14,6,TRUE,184.5,0,1,"Hillsborough",2,"Int Spur-Regional","SN"
"57","I.276",2,2,1,FALSE,32.5,0,0,"Montgomery",1,"Int Spur-Local","WE"
"58","I.277",2,2,2,TRUE,8,0,0,"Mecklenburg",1,"Int Spur-Fragment","CCW"
"59","I.278",6,6,2,TRUE,35.7,1,0,"Union",1,"Int Spur-Local","WE"
"60","I.279",1,1,1,FALSE,13.2,0,0,"Allegheny",1,"Int Spur-Local","SN"
"61","I.280",11,11,5,TRUE,114.7,0,0,"Santa Clara",1,"Int Spur-Local","SN"
"62","I.283",1,1,1,FALSE,3.1,0,0,"Dauphin",1,"Int Spur-Fragment","SN"
"63","I.285",8,6,2,TRUE,86.1,0,0,"Fulton",3,"Int Spur-Local","CCW"
"64","I.287",7,7,2,TRUE,97.9,0,0,"Middlesex",1,"Int Spur-Local","CCW"
"65","I.29",29,29,4,TRUE,750.2,3,5,"Jackson",1,"Int Main-Regional","SN"
"66","I.290",6,5,3,TRUE,59.9,0,0,"Cook",2,"Int Spur-Local","CCW"
"67","I.291",2,2,2,TRUE,11.4,0,0,"Capitol",1,"Int Spur-Local","WE"
"68","I.293",2,2,1,FALSE,11.7,0,0,"Hillsborough",1,"Int Spur-Local","SN"
"69","I.294",1,1,1,FALSE,52.8,0,0,"Cook",1,"Int Spur-Local","SN"
"70","I.295",29,24,12,TRUE,330.4,0,0,"Prince George",3,"Int Spur-Regional","CCW"
"71","I.296",1,1,1,FALSE,3.2,0,0,"Kent",1,"Int Spur-Fragment","SN"
"72","I.30",17,17,2,TRUE,368.6,0,0,"Parker",1,"Int Main-Regional","WE"
"73","I.305",2,2,1,FALSE,5.3,0,0,"Sacramento",1,"Int Spur-Fragment","WE"
"74","I.310",1,1,1,FALSE,11.5,0,0,"St. Charles",1,"Int Spur-Local","SN"
"75","I.315",1,1,1,FALSE,0.8,0,0,"Cascade",1,"Int Spur-Fragment","WE"
"76","I.335",5,5,2,TRUE,69.4,0,0,"Oklahoma",1,"Int Spur-Local","SN"
"77","I.344",3,2,1,FALSE,31.2,0,0,"Oklahoma",2,"Int Spur-Local","CCW"
"78","I.35",69,67,6,TRUE,1430,4,8,"Gap",2,"Int Main-National","SN"
"79","I.355",4,3,1,FALSE,32.2,0,0,"Will",2,"Int Spur-Local","SN"
"80","I.359",1,1,1,FALSE,2.6,0,0,"Tuscaloosa",1,"Int Spur-Fragment","SN"
"81","I.35E",7,7,2,TRUE,138.7,0,0,"Hill",1,"Int Main-Local","SN"
"82","I.35W",8,8,2,TRUE,127.4,0,1,"Hill",1,"Int Main-Local","SN"
"83","I.369",1,1,1,FALSE,4,0,0,"Bowie",1,"Int Spur-Fragment","SN"
"84","I.37",5,5,1,FALSE,142.8,0,0,"Nueces",1,"Int Main-Local","SN"
"85","I.370",1,1,1,FALSE,2.5,0,0,"Montgomery",1,"Int Spur-Fragment","WE"
"86","I.375",2,2,2,TRUE,2.3,0,0,"Pinellas",1,"Int Spur-Fragment","WE"
"87","I.376",4,4,1,FALSE,84.8,0,0,"Mercer",1,"Int Spur-Local","CCW"
"88","I.380",9,9,3,TRUE,103.2,0,3,"San Mateo",1,"Int Spur-Local","WE"
"89","I.381",1,1,1,FALSE,1.5,0,0,"Bristol, City of",1,"Int Spur-Fragment","CCW"
"90","I.384",1,1,1,FALSE,8.4,0,0,"Capitol",1,"Int Spur-Fragment","WE"
"91","I.385",2,2,1,FALSE,41.8,0,0,"Laurens",1,"Int Spur-Local","SN"
"92","I.39",14,14,2,TRUE,321.8,0,0,"McLean",1,"Int Main-Regional","SN"
"93","I.390",3,3,1,FALSE,75.6,0,1,"Steuben",1,"Int Spur-Local","SN"
"94","I.391",1,1,1,FALSE,4.8,0,0,"Hampden",1,"Int Spur-Fragment","SN"
"95","I.393",1,1,1,FALSE,4.6,0,0,"Merrimack",1,"Int Spur-Fragment","WE"
"96","I.394",1,1,1,FALSE,9.7,0,0,"Hennepin",1,"Int Spur-Fragment","WE"
"97","I.395",12,10,7,TRUE,88.2,0,0,"Alexandria, City of",2,"Int Spur-Local","WE"
"98","I.4",6,6,1,FALSE,133.7,0,1,"Hillsborough",1,"Int Main-Local","WE"
"99","I.40",96,86,8,TRUE,2557.33,1,6,"Gray",3,"Int Main-National","WE"
"100","I.405",5,5,3,TRUE,107,0,0,"Orange",1,"Int Spur-Local","SN"
"101","I.41",11,11,2,TRUE,175.4,0,1,"Lake",1,"Int Main-Regional","SN"
"102","I.43",8,8,1,FALSE,191,2,0,"Rock",1,"Int Main-Regional","SN"
"103","I.430",1,1,1,FALSE,12.8,0,0,"Pulaski",1,"Int Spur-Local","SN"
"104","I.44",28,28,3,TRUE,637.4,4,2,"Wichita",1,"Int Main-Regional","WE"
"105","I.440",3,3,3,TRUE,38.3,0,0,"Pulaski",1,"Int Spur-Local","CCW"
"106","I.444",1,1,1,FALSE,2.5,0,0,"Tulsa",1,"Int Spur-Fragment","CCW"
"107","I.45",10,10,1,FALSE,283.4,1,1,"Galveston",1,"Int Main-Regional","SN"
"108","I.459",1,1,1,FALSE,33.4,0,1,"Jefferson",1,"Int Spur-Local","CCW"
"109","I.464",2,2,1,FALSE,6,0,0,"Chesapeake, City of",1,"Int Spur-Fragment","SN"
"110","I.469",1,1,1,FALSE,30.8,0,0,"Allen",1,"Int Spur-Local","CCW"
"111","I.470",4,4,4,TRUE,40.1,0,1,"Shawnee",1,"Int Spur-Local","WE"
"112","I.471",2,2,2,TRUE,5.5,0,0,"Campbell",1,"Int Spur-Fragment","SN"
"113","I.474",2,2,1,FALSE,14,0,0,"Peoria",1,"Int Spur-Local","CCW"
"114","I.475",5,5,3,TRUE,53.2,0,1,"Bibb",1,"Int Spur-Local","SN"
"115","I.476",7,7,1,FALSE,132,0,0,"Delaware",1,"Int Spur-Local","SN"
"116","I.478",2,2,1,FALSE,2.4,0,0,"Kings",1,"Int Spur-Fragment","SN"
"117","I.480",6,6,3,TRUE,47.3,0,0,"Douglas",1,"Int Spur-Local","CCW"
"118","I.481",1,1,1,FALSE,15,0,0,"Onondaga",1,"Int Spur-Local","CCW"
"119","I.49",26,22,3,TRUE,558.4,0,2,"Evangeline",3,"Int Main-Regional","SN"
"120","I.490",4,4,2,TRUE,40.6,0,1,"Cuyahoga",1,"Int Spur-Local","WE"
"121","I.494",5,4,1,FALSE,42.8,0,2,"Washington",2,"Int Spur-Local","CCW"
"122","I.495",23,17,7,TRUE,269.4,2,0,"Worcester",3,"Int Spur-Regional","CCW"
"123","I.496",2,2,1,FALSE,11.2,0,0,"Ingham",1,"Int Spur-Local","CCW"
"124","I.5",34,34,3,TRUE,1391.1,13,3,"San Diego",1,"Int Main-National","SN"
"125","I.505",2,2,1,FALSE,33.5,0,0,"Solano",1,"Int Spur-Local","SN"
"126","I.510",1,1,1,FALSE,3,0,0,"Orleans",1,"Int Spur-Fragment","SN"
"127","I.516",1,1,1,FALSE,6.7,0,0,"Chatham",1,"Int Spur-Fragment","SN"
"128","I.520",2,2,2,TRUE,23.8,0,0,"Richmond",1,"Int Spur-Local","CCW"
"129","I.526",3,2,1,FALSE,19.3,0,0,"Charleston",2,"Int Spur-Local","CCW"
"130","I.530",5,4,1,FALSE,46.3,0,2,"Pulaski",2,"Int Spur-Local","CCW"
"131","I.535",2,2,2,TRUE,2.6,0,0,"Douglas",1,"Int Spur-Fragment","SN"
"132","I.540",4,4,2,TRUE,40.9,0,0,"Sebastian",1,"Int Spur-Local","CCW"
"133","I.55",42,39,6,TRUE,943.4,2,4,"Madison",2,"Int Main-Regional","SN"
"134","I.555",3,3,1,FALSE,48.8,0,0,"Crittenden",1,"Int Spur-Local","SN"
"135","I.564",1,1,1,FALSE,3.1,0,0,"Norfolk, City of",1,"Int Spur-Fragment","WE"
"136","I.565",2,2,1,FALSE,21.8,0,1,"Limestone",1,"Int Spur-Local","WE"
"137","I.57",29,28,3,TRUE,503.8,1,4,"Pulaski",2,"Int Main-Regional","SN"
"138","I.575",3,3,1,FALSE,30.9,1,0,"Cobb",1,"Int Spur-Local","SN"
"139","I.579",1,1,1,FALSE,1.3,0,0,"Allegheny",1,"Int Spur-Fragment","SN"
"140","I.580",6,6,2,TRUE,115,0,0,"Marin",1,"Int Spur-Local","WE"
"141","I.581",2,2,1,FALSE,6.5,0,0,"Roanoke, City of",1,"Int Spur-Fragment","SN"
"142","I.585",1,1,1,FALSE,2.3,0,0,"Spartanburg",1,"Int Spur-Fragment","WE"
"143","I.587",4,4,2,TRUE,38,0,1,"Wilson",1,"Int Spur-Local","WE"
"144","I.59",18,16,4,TRUE,446.2,0,1,"Lamar",2,"Int Main-Regional","SN"
"145","I.590",1,1,1,FALSE,4.8,0,1,"Monroe",1,"Int Spur-Fragment","CCW"
"146","I.595",3,3,2,TRUE,33.5,0,0,"Broward",1,"Int Spur-Local","WE"
"147","I.605",2,2,1,FALSE,27.7,0,0,"Orange",1,"Int Spur-Local","SN"
"148","I.610",2,2,2,TRUE,42.6,0,0,"Harris",1,"Int Spur-Local","CCW"
"149","I.630",1,1,1,FALSE,7.6,0,0,"Pulaski",1,"Int Spur-Fragment","WE"
"150","I.635",5,5,3,TRUE,49.6,0,1,"Dallas",1,"Int Spur-Local","CCW"
"151","I.64",74,57,6,TRUE,966.1,4,6,"Louisa",3,"Int Main-Regional","WE"
"152","I.640",1,1,1,FALSE,10.8,0,0,"Knox",1,"Int Spur-Local","CCW"
"153","I.65",48,45,4,TRUE,887.8,0,5,"Shelby",2,"Int Main-Regional","SN"
"154","I.66",7,7,2,TRUE,76.4,0,0,"Frederick",1,"Int Main-Local","WE"
"155","I.664",4,4,1,FALSE,20.4,0,0,"Chesapeake, City of",1,"Int Spur-Local","SN"
"156","I.670",3,3,3,TRUE,14.1,0,1,"Wyandotte",1,"Int Spur-Local","WE"
"157","I.675",7,7,3,TRUE,44.1,0,0,"Henry",1,"Int Spur-Local","SN"
"158","I.676",2,2,2,TRUE,7.3,0,0,"Philadelphia",1,"Int Spur-Fragment","WE"
"159","I.678",2,2,1,FALSE,14.4,0,0,"Queens",1,"Int Spur-Local","SN"
"160","I.68",5,5,2,TRUE,111.9,0,1,"Monongalia",1,"Int Main-Local","WE"
"161","I.680",7,7,4,TRUE,104.2,0,0,"Santa Clara",1,"Int Spur-Local","SN"
"162","I.684",4,3,2,TRUE,28.2,0,0,"Westchester",2,"Int Spur-Local","SN"
"163","I.69",49,46,7,TRUE,838.1,4,5,"Gap",3,"Int Main-Regional","SN"
"164","I.690",1,1,1,FALSE,13.9,0,0,"Onondaga",1,"Int Spur-Local","WE"
"165","I.691",3,3,1,FALSE,8.4,0,0,"Naugatuck Valley",1,"Int Spur-Fragment","WE"
"166","I.694",4,4,1,FALSE,30.3,0,1,"Hennepin",1,"Int Spur-Local","CCW"
"167","I.695",6,5,3,TRUE,55.2,0,0,"Anne Arundel",2,"Int Spur-Local","WE"
"168","I.696",2,2,1,FALSE,29,0,0,"Oakland",1,"Int Spur-Local","WE"
"169","I.69C",1,1,1,FALSE,18.1,0,0,"Hidalgo",1,"Int Main-Local","SN"
"170","I.69E",8,8,1,FALSE,221.9,0,0,"Cameron",1,"Int Main-Regional","SN"
"171","I.69W",1,1,1,FALSE,4.2,0,0,"Webb",1,"Int Main-Fragment","WE"
"172","I.70",86,76,10,TRUE,2173.4,0,10,"Lincoln",2,"Int Main-National","WE"
"173","I.705",1,1,1,FALSE,1.8,0,1,"Pierce",1,"Int Spur-Fragment","SN"
"174","I.71",23,23,2,TRUE,345.8,0,3,"Jefferson",1,"Int Main-Regional","SN"
"175","I.710",1,1,1,FALSE,24.8,0,0,"Los Angeles",1,"Int Spur-Local","SN"
"176","I.72",8,8,2,TRUE,184.6,0,0,"Marion",1,"Int Main-Regional","WE"
"177","I.73",5,5,1,FALSE,106.6,0,0,"Richmond",1,"Int Main-Local","SN"
"178","I.74",35,32,6,TRUE,546.06,0,0,"Gap",3,"Int Main-Regional","WE"
"179","I.75",87,78,6,TRUE,1780.04,4,6,"Monroe",4,"Int Main-National","SN"
"180","I.759",1,1,1,FALSE,4.6,0,0,"Etowah",1,"Int Spur-Fragment","WE"
"181","I.76",35,34,6,TRUE,621.5,0,4,"Jefferson",2,"Int Main-Regional","WE"
"182","I.77",25,25,5,TRUE,614.5,1,2,"Lexington",1,"Int Main-Regional","SN"
"183","I.78",13,11,3,TRUE,145.5,0,0,"Union",2,"Int Main-Local","WE"
"184","I.780",1,1,1,FALSE,6.5,0,0,"Solano",1,"Int Spur-Fragment","WE"
"185","I.781",1,1,1,FALSE,5.2,0,1,"Jefferson",1,"Int Spur-Fragment","WE"
"186","I.785",1,1,1,FALSE,7.2,0,0,"Guilford",1,"Int Spur-Fragment","CCW"
"187","I.787",1,1,1,FALSE,9.6,0,0,"Albany",1,"Int Spur-Fragment","SN"
"188","I.79",19,17,2,TRUE,344.33,1,2,"Braxton",2,"Int Main-Regional","SN"
"189","I.790",1,1,1,FALSE,2.8,0,0,"Oneida",1,"Int Spur-Fragment","CCW"
"190","I.794",1,1,1,FALSE,3.6,0,0,"Milwaukee",1,"Int Spur-Fragment","SN"
"191","I.795",5,5,3,TRUE,42.4,0,1,"St. Johns",1,"Int Spur-Local","SN"
"192","I.8",9,5,2,TRUE,350.6,0,0,"San Diego",3,"Int Main-Regional","WE"
"193","I.80",114,100,11,TRUE,2898.91,3,7,"Venango",3,"Int Main-National","WE"
"194","I.805",1,1,1,FALSE,28.6,0,0,"San Diego",1,"Int Spur-Local","SN"
"195","I.81",41,35,6,TRUE,859.01,0,6,"Washington",4,"Int Main-Regional","SN"
"196","I.82",4,4,2,TRUE,142.9,0,0,"Kittitas",1,"Int Main-Local","WE"
"197","I.820",1,1,1,FALSE,35.2,0,0,"Tarrant",1,"Int Spur-Local","CCW"
"198","I.83",5,5,2,TRUE,84.6,0,0,"Baltimore City",1,"Int Main-Local","SN"
"199","I.84",36,36,7,TRUE,1002.2,1,0,"Multnomah",1,"Int Main-National","WE"
"200","I.840",6,6,2,TRUE,98.4,0,1,"Dickson",1,"Int Spur-Local","CCW"
"201","I.85",45,39,5,TRUE,673.73,1,2,"Fulton",3,"Int Main-Regional","SN"
"202","I.86",13,12,3,TRUE,327.96,2,0,"Tioga",2,"Int Main-Regional","WE"
"203","I.865",1,1,1,FALSE,4,0,0,"Boone",1,"Int Spur-Fragment","WE"
"204","I.87",12,12,2,TRUE,349.6,0,1,"Bronx",1,"Int Main-Regional","SN"
"205","I.88",18,14,2,TRUE,257.9,1,0,"Rock Island",2,"Int Main-Regional","WE"
"206","I.880",3,3,2,TRUE,62.3,0,0,"Santa Clara",1,"Int Spur-Local","SN"
"207","I.885",1,1,1,FALSE,8.56,0,0,"Durham",1,"Int Spur-Fragment","SN"
"208","I.89",8,8,2,TRUE,191.3,1,1,"Merrimack",1,"Int Main-Regional","SN"
"209","I.890",2,2,1,FALSE,8.7,0,0,"Schenectady",1,"Int Spur-Fragment","CCW"
"210","I.894",1,1,1,FALSE,9.7,0,0,"Milwaukee",1,"Int Spur-Fragment","CCW"
"211","I.895",4,4,1,FALSE,15,0,0,"Howard",1,"Int Spur-Local","CCW"
"212","I.90",107,93,13,TRUE,3074.61,9,10,"Erie",3,"Int Main-National","WE"
"213","I.91",11,11,3,TRUE,293.1,0,0,"South Central Connecticut",1,"Int Main-Regional","SN"
"214","I.93",16,10,3,TRUE,190.28,0,0,"Middlesex",3,"Int Main-Regional","SN"
"215","I.94",56,54,7,TRUE,1606.5,6,7,"Jackson",2,"Int Main-National","WE"
"216","I.95",105,94,16,TRUE,1900.41,0,2,"Middlesex",3,"Int Main-National","SN"
"217","I.96",10,10,1,FALSE,190.3,1,1,"Muskegon",1,"Int Main-Regional","WE"
"218","I.97",1,1,1,FALSE,17.3,0,0,"Anne Arundel",1,"Int Main-Local","SN"
"219","I.980",1,1,1,FALSE,1.9,0,0,"Alameda",1,"Int Spur-Fragment","SN"
"220","I.985",2,2,1,FALSE,24.2,0,0,"Gwinnett",1,"Int Spur-Local","SN"
"221","I.99",5,5,2,TRUE,98.7,0,0,"Bedford",1,"Int Main-Local","SN"
"222","I.990",1,1,1,FALSE,6,0,0,"Erie",1,"Int Spur-Fragment","WE"
"223","US.1",103,92,15,TRUE,2375.1,4,5,"Chesterfield",3,"US Main-National","SN"
"224","US.10",35,33,5,TRUE,777.3,6,3,"Todd",2,"US Main-Regional","WE"
"225","US.101",30,27,3,TRUE,1527.6,13,4,"Jefferson",3,"US Main-National","SN"
"226","US.11",77,67,11,TRUE,1550.7,2,6,"Tuscaloosa",2,"US Main-National","SN"
"227","US.113",3,3,2,TRUE,75,0,0,"Worcester",1,"US Spur-Local","SN"
"228","US.117",5,5,1,FALSE,113.7,0,1,"New Hanover",1,"US Spur-Local","SN"
"229","US.117A",2,2,1,FALSE,12.8,0,0,"Duplin",1,"US Spur-Local","SN"
"230","US.119",30,23,3,TRUE,552.9,0,4,"Pike",3,"US Spur-Regional","SN"
"231","US.11E",8,8,2,TRUE,121.1,0,2,"Knox",1,"US Main-Local","SN"
"232","US.11W",5,5,2,TRUE,111.4,0,0,"Knox",1,"US Main-Local","SN"
"233","US.12",73,69,10,TRUE,2458.1,13,8,"Lewis",2,"US Main-National","WE"
"234","US.123",5,5,2,TRUE,74.3,1,0,"Habersham",1,"US Spur-Local","WE"
"235","US.127",39,35,4,TRUE,750.3,9,4,"Hamilton",2,"US Spur-Regional","SN"
"236","US.129",30,29,4,TRUE,578.6,3,2,"Blount",2,"US Spur-Regional","SN"
"237","US.13",26,25,5,TRUE,528.5,3,0,"Virginia Beach, City of",2,"US Main-Regional","SN"
"238","US.130",6,6,1,FALSE,84,0,0,"Salem",1,"US Spur-Local","SN"
"239","US.131",14,14,2,TRUE,270.7,4,0,"Elkhart",1,"US Spur-Regional","SN"
"240","US.136",35,35,5,TRUE,802.4,8,3,"Furnas",1,"US Spur-Regional","WE"
"241","US.138",3,3,2,TRUE,71.3,0,0,"Logan",1,"US Spur-Local","WE"
"242","US.14",40,40,5,TRUE,1393.6,5,2,"Park",1,"US Main-National","WE"
"243","US.141",7,7,2,TRUE,175,0,0,"Brown",1,"US Spur-Regional","SN"
"244","US.14A.SD",2,2,1,FALSE,43.8,0,0,"Lawrence",1,"US Main-Local","WE"
"245","US.14A.WY",2,2,1,FALSE,83.7,0,0,"Park",1,"US Main-Local","WE"
"246","US.15",43,39,6,TRUE,797.7,0,2,"Lee",2,"US Main-Regional","SN"
"247","US.150",31,28,3,TRUE,561.4,3,5,"Knox",2,"US Spur-Regional","WE"
"248","US.151",14,13,2,TRUE,327.1,2,1,"Iowa",2,"US Spur-Regional","SN"
"249","US.158",17,17,1,FALSE,349.2,1,0,"Davie",1,"US Spur-Regional","WE"
"250","US.159",5,5,3,TRUE,84.9,0,1,"Jefferson",1,"US Spur-Local","SN"
"251","US.16",12,10,2,TRUE,484.8,0,1,"Big Horn",2,"US Main-Regional","WE"
"252","US.160",41,41,5,TRUE,1470.2,10,1,"Coconino",1,"US Spur-National","WE"
"253","US.163",2,2,2,TRUE,64.6,0,0,"Navajo",1,"US Spur-Local","SN"
"254","US.165",19,17,2,TRUE,401.3,1,1,"Drew",2,"US Spur-Regional","SN"
"255","US.166",7,7,2,TRUE,164.1,1,0,"Sumner",1,"US Spur-Regional","WE"
"256","US.167",25,20,2,TRUE,502.3,3,6,"Grant",2,"US Spur-Regional","SN"
"257","US.169",48,42,5,TRUE,966.8,7,5,"Blue Earth",3,"US Spur-Regional","SN"
"258","US.17",54,52,5,TRUE,1207.7,6,1,"Camden",2,"US Main-National","SN"
"259","US.171",6,6,1,FALSE,176.8,2,0,"Calcasieu",1,"US Spur-Regional","SN"
"260","US.175",5,5,1,FALSE,109.9,1,0,"Dallas",1,"US Spur-Local","WE"
"261","US.176",11,11,2,TRUE,234.9,1,1,"Henderson",1,"US Spur-Regional","WE"
"262","US.177",13,13,2,TRUE,232.5,0,2,"Marshall",1,"US Spur-Regional","SN"
"263","US.178",9,9,2,TRUE,237.2,1,0,"Transylvania",1,"US Spur-Regional","WE"
"264","US.18",33,33,4,TRUE,1039,4,3,"Converse",1,"US Main-National","WE"
"265","US.180",22,22,3,TRUE,1089.3,1,1,"Coconino",1,"US Spur-National","WE"
"266","US.181",6,6,1,FALSE,135.6,1,1,"Nueces",1,"US Spur-Local","SN"
"267","US.183",43,40,5,TRUE,1241.3,4,0,"Brown",2,"US Spur-National","SN"
"268","US.189",7,7,2,TRUE,313.1,0,1,"Utah",1,"US Spur-Regional","SN"
"269","US.19",62,56,7,TRUE,1301.6,6,10,"Taylor",2,"US Main-National","SN"
"270","US.190",31,31,2,TRUE,871.4,4,3,"Pecos",1,"US Spur-Regional","WE"
"271","US.191",27,22,4,TRUE,1642,1,0,"Fergus",3,"US Spur-National","SN"
"272","US.192",5,5,1,FALSE,74.6,0,1,"Lake",1,"US Spur-Local","WE"
"273","US.195",3,3,2,TRUE,94,1,0,"Nez Perce",1,"US Spur-Local","SN"
"274","US.197",2,2,2,TRUE,63.7,0,0,"Wasco",1,"US Spur-Local","SN"
"275","US.199",2,2,2,TRUE,79.3,0,0,"Del Norte",1,"US Spur-Local","SN"
"276","US.19E",5,5,2,TRUE,75.5,1,1,"Yancey",1,"US Main-Local","SN"
"277","US.19W",5,5,2,TRUE,62.8,0,2,"Yancey",1,"US Main-Local","SN"
"278","US.2",66,60,12,TRUE,2572.4,13,9,"Douglas",2,"US Main-National","WE"
"279","US.20",111,98,12,TRUE,3208.2,12,7,"Lake",3,"US Main-National","WE"
"280","US.201",4,4,1,FALSE,158.2,0,0,"Cumberland",1,"US Spur-Regional","SN"
"281","US.201A",1,1,1,FALSE,26.2,0,0,"Somerset",1,"US Spur-Local","SN"
"282","US.202",33,32,8,TRUE,627.2,1,0,"Rockland",2,"US Spur-Regional","SN"
"283","US.206",7,7,2,TRUE,131,0,0,"Atlantic",1,"US Spur-Local","SN"
"284","US.209",8,8,2,TRUE,211.7,1,1,"Dauphin",1,"US Spur-Regional","SN"
"285","US.20A.NY",4,4,1,FALSE,83.1,1,0,"Erie",1,"US Main-Local","WE"
"286","US.20A.OH",3,3,1,FALSE,52.3,0,0,"Williams",1,"US Main-Local","WE"
"287","US.21",21,19,3,TRUE,391.3,0,0,"Calhoun",2,"US Main-Regional","SN"
"288","US.211",5,5,1,FALSE,59,0,0,"Shenandoah",1,"US Spur-Local","WE"
"289","US.212",29,26,4,TRUE,948.6,8,1,"Park",2,"US Spur-Regional","WE"
"290","US.218",14,14,2,TRUE,319.6,2,2,"Lee",1,"US Spur-Regional","SN"
"291","US.219",19,17,5,TRUE,517.2,2,3,"Clearfield",2,"US Spur-Regional","SN"
"292","US.22",34,31,4,TRUE,648.2,1,4,"Warren",2,"US Main-Regional","WE"
"293","US.220",29,27,5,TRUE,677.8,3,2,"Roanoke",2,"US Spur-Regional","SN"
"294","US.221",40,38,5,TRUE,731.3,1,5,"Jefferson",2,"US Spur-Regional","SN"
"295","US.222",4,4,2,TRUE,94.8,0,0,"Cecil",1,"US Spur-Local","SN"
"296","US.223",3,3,2,TRUE,46.1,0,1,"Lucas",1,"US Spur-Local","SN"
"297","US.224",14,14,3,TRUE,286.2,0,1,"Huntington",1,"US Spur-Regional","WE"
"298","US.23",74,66,8,TRUE,1408.73,9,7,"Appling",2,"US Main-National","SN"
"299","US.231",46,40,5,TRUE,916.69,2,6,"Lincoln",3,"US Spur-Regional","SN"
"300","US.24",60,59,7,TRUE,1549.4,8,7,"Monroe",2,"US Main-National","WE"
"301","US.25",29,27,5,TRUE,601.3,2,3,"Madison",2,"US Main-Regional","SN"
"302","US.250",35,29,3,TRUE,512,2,3,"Augusta",3,"US Spur-Regional","WE"
"303","US.258",16,15,2,TRUE,227.1,0,0,"Southampton",2,"US Spur-Regional","SN"
"304","US.259",9,9,2,TRUE,252.9,0,0,"Nacogdoches",1,"US Spur-Regional","SN"
"305","US.25E",8,8,2,TRUE,109.9,1,1,"Cocke",1,"US Main-Local","SN"
"306","US.25W",8,8,2,TRUE,145.2,0,1,"Cocke",1,"US Main-Local","SN"
"307","US.26",36,34,4,TRUE,1499.1,4,6,"Washington",2,"US Main-National","WE"
"308","US.264",9,9,1,FALSE,218.31,1,1,"Wake",1,"US Spur-Regional","WE"
"309","US.264A.E",1,1,1,FALSE,10.2,0,0,"Pitt",1,"US Spur-Local","WE"
"310","US.264A.W",4,4,1,FALSE,31.3,0,1,"Wake",1,"US Spur-Local","WE"
"311","US.266",3,3,1,FALSE,43.2,0,0,"Okmulgee",1,"US Spur-Local","WE"
"312","US.27",64,58,6,TRUE,1352.9,16,8,"Walker",3,"US Main-National","SN"
"313","US.270",23,23,3,TRUE,644.8,1,3,"Seward",1,"US Spur-Regional","WE"
"314","US.271",12,12,3,TRUE,295.7,1,0,"Smith",1,"US Spur-Regional","SN"
"315","US.275",11,11,3,TRUE,265.5,2,1,"Atchison",1,"US Spur-Regional","SN"
"316","US.276",3,3,2,TRUE,106.3,0,0,"Greenville",1,"US Spur-Local","SN"
"317","US.277",23,23,2,TRUE,629,0,1,"Dimmit",1,"US Spur-Regional","SN"
"318","US.278",53,48,5,TRUE,1074.6,5,4,"Polk",2,"US Spur-National","WE"
"319","US.280",23,23,2,TRUE,387.3,2,1,"Jefferson",1,"US Spur-Regional","WE"
"320","US.281",58,58,6,TRUE,1854.4,12,1,"Cameron",1,"US Spur-National","SN"
"321","US.283",23,23,4,TRUE,720.7,5,2,"McCulloch",1,"US Spur-Regional","SN"
"322","US.285",34,23,3,TRUE,839.98,1,2,"Rio Arriba",5,"US Spur-Regional","SN"
"323","US.287",53,49,5,TRUE,1889,5,8,"Jefferson",2,"US Spur-National","SN"
"324","US.29",60,53,8,TRUE,1043.2,2,3,"Escambia",2,"US Main-National","SN"
"325","US.290",15,11,1,FALSE,276.5,1,3,"Fayette",3,"US Spur-Regional","WE"
"326","US.3",6,6,2,TRUE,278.9,0,0,"Middlesex",1,"US Main-Regional","SN"
"327","US.30",101,93,11,TRUE,3071.3,6,6,"Cassia",2,"US Main-National","WE"
"328","US.301",56,54,7,TRUE,1102.9,5,1,"Marion",2,"US Spur-National","SN"
"329","US.302",8,8,3,TRUE,168.4,1,1,"Washington",1,"US Spur-Regional","WE"
"330","US.31",47,46,5,TRUE,1102.4,5,5,"Jefferson",2,"US Main-National","SN"
"331","US.310",4,4,2,TRUE,102.6,0,0,"Big Horn",1,"US Spur-Local","SN"
"332","US.311",4,4,2,TRUE,65.3,0,0,"Forsyth",1,"US Spur-Local","SN"
"333","US.319",16,16,2,TRUE,313,1,2,"Franklin",1,"US Spur-Regional","SN"
"334","US.31E",11,10,2,TRUE,191.7,0,1,"Bullitt",2,"US Main-Regional","SN"
"335","US.31W",13,12,2,TRUE,183.2,0,1,"Hardin",2,"US Main-Regional","SN"
"336","US.321",25,25,3,TRUE,516.3,1,4,"Jasper",1,"US Spur-Regional","SN"
"337","US.321A",1,1,1,FALSE,11.7,0,0,"Caldwell",1,"US Spur-Local","SN"
"338","US.322",22,20,3,TRUE,484.5,0,1,"Crawford",2,"US Spur-Regional","WE"
"339","US.33",35,32,4,TRUE,697.4,1,2,"Hocking",2,"US Main-Regional","WE"
"340","US.331",4,4,2,TRUE,151.5,0,0,"Walton",1,"US Spur-Regional","SN"
"341","US.34",44,42,4,TRUE,1126.6,5,5,"Adams",2,"US Main-National","WE"
"342","US.340",12,10,3,TRUE,155.9,1,2,"Augusta",2,"US Spur-Regional","SN"
"343","US.341",12,12,1,FALSE,222.2,0,1,"Glynn",1,"US Spur-Regional","SN"
"344","US.35",19,19,3,TRUE,413.9,3,2,"Putnam",1,"US Main-Regional","SN"
"345","US.350",2,2,1,FALSE,72.4,0,0,"Las Animas",1,"US Spur-Local","SN"
"346","US.36",62,55,6,TRUE,1398.4,9,9,"Marion",4,"US Main-National","WE"
"347","US.360",17,17,1,FALSE,224.9,6,0,"Danville, City of",1,"US Spur-Regional","WE"
"348","US.371",9,9,2,TRUE,217.3,0,0,"De Soto",1,"US Spur-Regional","SN"
"349","US.377",21,21,2,TRUE,599.2,1,2,"Val Verde",1,"US Spur-Regional","SN"
"350","US.378",14,13,2,TRUE,232.3,1,1,"Florence",2,"US Spur-Regional","WE"
"351","US.380",18,18,2,TRUE,676.8,2,1,"Socorro",1,"US Spur-Regional","WE"
"352","US.385",35,33,5,TRUE,1196.9,2,0,"Crane",2,"US Spur-National","SN"
"353","US.395",25,21,4,TRUE,1294.5,4,3,"Lake",3,"US Spur-National","SN"
"354","US.4",10,9,3,TRUE,251.4,1,1,"Rockingham",2,"US Main-Regional","WE"
"355","US.40",92,79,12,TRUE,2302.03,5,10,"Grand",2,"US Main-National","WE"
"356","US.400",18,18,3,TRUE,482.1,0,2,"Prowers",1,"US Spur-Regional","WE"
"357","US.401",11,11,2,TRUE,253.1,0,0,"Sumter",1,"US Spur-Regional","SN"
"358","US.41",85,79,8,TRUE,2007.9,4,3,"Monroe",2,"US Main-National","SN"
"359","US.411",16,15,3,TRUE,310.5,0,4,"Jefferson",2,"US Spur-Regional","SN"
"360","US.412",46,40,5,TRUE,1117.27,3,4,"Noble",2,"US Spur-National","WE"
"361","US.41A",16,13,2,TRUE,174.5,0,0,"Cheatham",3,"US Main-Regional","SN"
"362","US.42",22,22,2,TRUE,350.5,0,2,"Jefferson",1,"US Main-Regional","WE"
"363","US.421",50,43,5,TRUE,944.8,5,6,"New Hanover",2,"US Spur-Regional","SN"
"364","US.422.E",5,4,1,FALSE,77.6,0,0,"Montgomery",2,"US Spur-Local","WE"
"365","US.422.W",11,11,2,TRUE,191.9,1,0,"Cuyahoga",1,"US Spur-Regional","WE"
"366","US.425",10,10,3,TRUE,214,1,3,"Adams",1,"US Spur-Regional","SN"
"367","US.43",13,13,2,TRUE,405.6,2,1,"Mobile",1,"US Main-Regional","SN"
"368","US.431",28,21,3,TRUE,556.5,3,2,"Lee",3,"US Spur-Regional","SN"
"369","US.44",8,8,4,TRUE,235,0,0,"Ulster",1,"US Main-Regional","WE"
"370","US.441",45,38,4,TRUE,930.9,1,2,"Anderson",4,"US Spur-Regional","SN"
"371","US.45",59,55,8,TRUE,1222.1,8,6,"Washington",2,"US Main-National","SN"
"372","US.45A",7,6,1,FALSE,62.8,2,2,"Monroe",2,"US Main-Local","SN"
"373","US.45E",4,4,1,FALSE,59.6,1,1,"Madison",1,"US Main-Local","SN"
"374","US.45W",3,3,1,FALSE,63.5,0,1,"Madison",1,"US Main-Local","SN"
"375","US.46",5,5,1,FALSE,74.7,0,0,"Warren",1,"US Main-Local","WE"
"376","US.460",37,34,3,TRUE,644.2,5,2,"Montgomery",2,"US Spur-Regional","WE"
"377","US.48",8,8,2,TRUE,151,0,1,"Lewis",1,"US Main-Regional","WE"
"378","US.49",20,20,2,TRUE,426.4,3,3,"Harrison",1,"US Main-Regional","SN"
"379","US.491",5,4,3,TRUE,193.5,1,1,"San Juan",2,"US Spur-Regional","SN"
"380","US.49E",4,4,1,FALSE,89.8,0,0,"Yazoo",1,"US Main-Local","SN"
"381","US.49W",5,5,1,FALSE,89.6,1,0,"Yazoo",1,"US Main-Local","SN"
"382","US.5",10,10,3,TRUE,302.6,0,0,"South Central Connecticut",1,"US Main-Regional","SN"
"383","US.50",108,93,13,TRUE,3022.1,18,11,"Douglas",2,"US Main-National","WE"
"384","US.501",19,19,3,TRUE,353.3,0,0,"Horry",1,"US Spur-Regional","SN"
"385","US.51",57,54,6,TRUE,1269.2,4,6,"Shelby",3,"US Main-National","SN"
"386","US.52",86,79,11,TRUE,2077.6,10,6,"Mingo",4,"US Main-National","WE"
"387","US.521",7,7,2,TRUE,175.5,0,0,"Georgetown",1,"US Spur-Regional","SN"
"388","US.522",20,17,4,TRUE,308.5,1,1,"Frederick",3,"US Spur-Regional","SN"
"389","US.53",9,9,2,TRUE,404.9,0,0,"La Crosse",1,"US Main-Regional","SN"
"390","US.54",36,35,6,TRUE,1195.9,6,3,"Pike",2,"US Main-National","WE"
"391","US.550",7,6,2,TRUE,303.8,2,0,"San Juan",2,"US Spur-Regional","SN"
"392","US.56",23,23,4,TRUE,640.5,3,3,"Colfax",1,"US Main-Regional","WE"
"393","US.57",3,3,1,FALSE,99,0,0,"Maverick",1,"US Main-Local","WE"
"394","US.58",29,25,2,TRUE,508.6,1,2,"Washington",2,"US Main-Regional","WE"
"395","US.59",74,69,7,TRUE,1922.6,12,8,"Polk",3,"US Main-National","SN"
"396","US.6",110,102,14,TRUE,3201.41,7,10,"Utah",2,"US Main-National","WE"
"397","US.60",111,100,9,TRUE,2663.9,10,7,"James City",4,"US Main-National","WE"
"398","US.601",16,16,2,TRUE,317.4,0,0,"Jasper",1,"US Spur-Regional","SN"
"399","US.61",60,54,8,TRUE,1404.9,10,11,"Jefferson",3,"US Main-National","SN"
"400","US.62",92,86,10,TRUE,2245.11,5,6,"Fulton",2,"US Main-National","WE"
"401","US.63",54,51,6,TRUE,1230.56,6,7,"Union",2,"US Main-National","SN"
"402","US.64",73,70,6,TRUE,2330.7,6,7,"Franklin",3,"US Main-National","WE"
"403","US.641",11,11,2,TRUE,165.2,1,0,"Wayne",1,"US Spur-Regional","SN"
"404","US.65",45,40,5,TRUE,958.9,7,6,"Desha",2,"US Main-Regional","SN"
"405","US.67",61,57,5,TRUE,1545.5,10,8,"Cass",2,"US Main-National","SN"
"406","US.68",29,28,2,TRUE,550.1,7,2,"Logan",2,"US Main-Regional","WE"
"407","US.69",46,45,6,TRUE,1132.4,3,6,"Cherokee",2,"US Main-National","SN"
"408","US.69A",2,2,2,TRUE,20.4,0,0,"Ottawa",1,"US Main-Local","SN"
"409","US.6N",1,1,1,FALSE,27.7,0,0,"Erie",1,"US Main-Local","WE"
"410","US.7",8,8,3,TRUE,310.4,2,0,"Western Connecticut",1,"US Main-Regional","SN"
"411","US.70",83,79,7,TRUE,2371.2,4,10,"Jefferson",2,"US Main-National","WE"
"412","US.701",6,6,2,TRUE,172.6,1,0,"Georgetown",1,"US Spur-Regional","SN"
"413","US.70N",4,4,1,FALSE,87.5,0,1,"Wilson",1,"US Main-Local","WE"
"414","US.70S",6,6,1,FALSE,112.7,3,1,"Davidson",1,"US Main-Local","WE"
"415","US.71",57,52,6,TRUE,1513.61,5,6,"Miller",2,"US Main-National","SN"
"416","US.72",14,14,3,TRUE,315.78,3,2,"Shelby",1,"US Main-Regional","WE"
"417","US.73",5,5,2,TRUE,113.1,0,0,"Wyandotte",1,"US Main-Local","SN"
"418","US.730",3,3,2,TRUE,41.3,0,0,"Morrow",1,"US Spur-Local","WE"
"419","US.74",23,22,2,TRUE,514.6,0,4,"Polk",2,"US Main-Regional","WE"
"420","US.75",47,45,6,TRUE,1233,7,6,"Washington",2,"US Main-National","SN"
"421","US.76",27,25,4,TRUE,536.7,3,0,"Lexington",2,"US Main-Regional","WE"
"422","US.77",48,46,5,TRUE,1299.4,0,2,"Dickinson",2,"US Main-National","SN"
"423","US.77A",4,4,1,FALSE,89.6,0,0,"Refugio",1,"US Main-Local","SN"
"424","US.78",39,39,6,TRUE,852.9,1,1,"Craighead",1,"US Main-Regional","WE"
"425","US.79",41,37,5,TRUE,873.1,2,4,"Prairie",2,"US Main-Regional","SN"
"426","US.8",11,11,3,TRUE,282.3,3,3,"Washington",1,"US Main-Regional","WE"
"427","US.80",50,46,5,TRUE,1031.9,4,6,"Dallas",2,"US Main-National","WE"
"428","US.81",45,44,6,TRUE,1208,8,8,"Grant",2,"US Main-National","SN"
"429","US.82",61,58,6,TRUE,1603.41,8,1,"Montgomery",2,"US Main-National","WE"
"430","US.83",58,54,6,TRUE,1858,15,2,"Kerr",2,"US Main-National","SN"
"431","US.84",68,66,7,TRUE,1918.6,7,6,"Covington",2,"US Main-National","WE"
"432","US.85",34,33,6,TRUE,1471.9,3,2,"El Paso",2,"US Main-National","SN"
"433","US.87",59,56,5,TRUE,2004.8,5,3,"Kendall",3,"US Main-National","SN"
"434","US.89",23,22,5,TRUE,1235.5,4,2,"Teton",2,"US Main-National","SN"
"435","US.89A",2,2,2,TRUE,92,0,0,"Coconino",1,"US Main-Local","SN"
"436","US.9",26,23,4,TRUE,524.2,1,2,"Essex",3,"US Main-Regional","SN"
"437","US.90",64,55,5,TRUE,1635.6,5,10,"Jefferson",4,"US Main-National","WE"
"438","US.91",6,6,2,TRUE,170.2,1,0,"Box Elder",1,"US Main-Regional","SN"
"439","US.92",7,7,1,FALSE,182.7,0,1,"Pinellas",1,"US Main-Regional","WE"
"440","US.93",19,17,4,TRUE,1356.3,5,3,"Lincoln",3,"US Main-National","SN"
"441","US.95",34,26,5,TRUE,1566.9,4,4,"Adams",3,"US Main-National","SN"
"442","US.96",6,6,1,FALSE,163.6,1,1,"Jefferson",1,"US Main-Regional","SN"
"443","US.97",13,12,3,TRUE,666.7,2,1,"Chelan",2,"US Main-Regional","SN"
"444","US.98",34,33,3,TRUE,925,6,4,"Franklin",2,"US Main-Regional","WE"
"445","US.9W",5,5,2,TRUE,126.6,0,0,"Bergen",1,"US Main-Local","SN"
